time,conductivity,depth,flag,fluorescence,julian_days_offset,latitude,longitude,oxygen_1,oxygen_2,oxygen_3,pressure,salinity,temperature,turbidity,density,potential_temperature
2023-05-12 10:15:11.000,34.621538,0.255,0.0,5.6519,132.429031,53.496833333333335,8.1815,265.62471,265.81838,89.272,0.257,28.4508,13.7615,20.2914,1021.109461427983,13.761465764143965
2023-05-12 10:15:11.250,34.620525,0.298,0.0,5.6398,132.429034,53.496833333333335,8.1815,265.62857,265.82221,89.224,0.301,28.4505,13.761,20.2914,1021.1095253299413,13.760959903900204
2023-05-12 10:15:11.500,34.620704,0.34,0.0,5.6195,132.429036,53.496833333333335,8.1815,265.62857,265.82221,89.287,0.343,28.4505,13.761,20.2603,1021.109713404415,13.760954309019855
2023-05-12 10:15:11.750,34.622791,0.372,0.0,5.6296,132.429039,53.496833333333335,8.1815,265.62595,265.81959,89.277,0.376,28.4513,13.7612,20.2448,1021.1104336632444,13.761149912085836
2023-05-12 10:15:12.000,34.623626,0.399,-9.99e-29,5.6195,132.429042,53.496833333333335,8.1815,265.62299,265.81664,89.313,0.403,28.452,13.7615,20.2292,1021.1110315046163,13.761446314037295
2023-05-12 10:15:12.250,34.623029,0.419,-9.99e-29,6.7558,132.429045,53.496833333333335,8.1815,265.61166,265.80548,89.373,0.423,28.4502,13.7641,20.6183,1021.1092476565335,13.76404364264322
2023-05-12 10:15:12.500,34.623029,0.448,-9.99e-29,6.7275,132.429048,53.496833333333335,8.1815,265.61228,265.8061,89.282,0.452,28.4503,13.764,20.3848,1021.1094730649332,13.76393977910204
2023-05-12 10:15:12.750,34.622791,0.472,-9.99e-29,6.7275,132.429051,53.496833333333335,8.1815,265.61567,265.80943,89.271,0.476,28.4509,13.7632,20.4626,1021.110192213863,13.76313658387881
2023-05-12 10:15:13.000,34.62303,0.506,0.0,6.7356,132.429054,53.496833333333335,8.1815,265.61558,265.80935,89.237,0.511,28.4506,13.7633,20.3614,1021.1101006762927,13.763231920662504
2023-05-12 10:15:13.250,34.622612,0.546,0.0,6.7437,132.429057,53.496833333333335,8.1815,265.61548,265.80926,89.183,0.551,28.4503,13.7634,20.3537,1021.1100315281495,13.76332659125432
2023-05-12 10:15:13.500,34.62136,0.596,0.0,6.7437,132.42906,53.496833333333335,8.1815,265.61548,265.80926,89.182,0.602,28.4502,13.7634,20.2914,1021.1101835432796,13.763319796532985
2023-05-12 10:15:13.750,34.622195,0.638,0.0,6.7396,132.429062,53.496833333333335,8.1815,265.61613,265.80982,89.191,0.644,28.4502,13.7629,20.3226,1021.1104675729714,13.762814203151713
2023-05-12 10:15:14.000,34.624998,0.683,0.0,6.7396,132.429065,53.496833333333335,8.1815,265.61613,265.80982,89.102,0.689,28.4502,13.7629,20.2914,1021.1106690781851,13.76280820786736
2023-05-12 10:15:14.250,34.621361,0.719,0.0,6.9903,132.429068,53.496833333333335,8.1815,265.61465,265.80848,89.118,0.726,28.4525,13.7632,19.9334,1021.1125334035196,13.76310327461568
2023-05-12 10:15:14.500,34.624939,0.752,0.0,6.9903,132.429071,53.496833333333335,8.1815,265.61232,265.80607,89.165,0.759,28.4525,13.764,19.8245,1021.1125276297602,13.763898873441292
2023-05-12 10:15:14.750,34.627026,0.784,0.0,6.9843,132.429074,53.496833333333335,8.1815,265.60906,265.80282,89.181,0.791,28.4532,13.7636,19.879,1021.1132821938569,13.763494611322706
2023-05-12 10:15:15.000,34.625893,0.812,-9.99e-29,6.9782,132.429077,53.496833333333335,8.1815,265.6058,265.79958,89.305,0.819,28.4538,13.764,19.8245,1021.1137889424928,13.76389087759291
2023-05-12 10:15:15.250,34.624939,0.835,-9.99e-29,7.0753,132.42908,53.496833333333335,8.1815,265.60317,265.79704,89.308,0.842,28.4515,13.7652,20.4938,1021.1119053943235,13.765087808163413
2023-05-12 10:15:15.500,34.625535,0.86,0.0,7.0732,132.429083,53.496833333333335,8.1815,265.60091,265.7948,89.407,0.868,28.4518,13.7656,20.5093,1021.1121741090174,13.765484340811913
2023-05-12 10:15:15.750,34.626609,0.889,0.0,7.0712,132.429086,53.496833333333335,8.1815,265.60243,265.79641,89.457,0.897,28.4515,13.7659,20.4938,1021.1120173104079,13.765780474873313
2023-05-12 10:15:16.000,34.622554,0.918,0.0,7.0672,132.429089,53.496833333333335,8.1815,265.59865,265.79255,89.539,0.926,28.452,13.7659,20.5093,1021.1125289492746,13.765776609879255
2023-05-12 10:15:16.250,34.632036,0.956,0.0,7.0672,132.429091,53.496833333333335,8.1815,265.59476,265.78854,89.506,0.965,28.4578,13.7666,20.5093,1021.1169978823438,13.766471400635782
2023-05-12 10:15:16.500,34.645634,0.996,0.0,6.9863,132.429094,53.496833333333335,8.1815,265.54855,265.74257,89.435,1.005,28.466,13.7703,20.5249,1021.1227277664589,13.770166031926856
2023-05-12 10:15:16.750,34.667227,1.03,0.0,6.9539,132.429097,53.496833333333335,8.1815,265.44635,265.64118,89.295,1.04,28.466,13.7864,20.5249,1021.1197914844505,13.786261243931278
2023-05-12 10:15:17.000,34.671818,1.076,0.0,6.9539,132.4291,53.496833333333335,8.1815,265.3322,265.5286,89.171,1.085,28.4587,13.8123,20.5249,1021.1094387210467,13.812155045047602
2023-05-12 10:15:17.250,34.652905,1.116,0.0,6.8933,132.429103,53.496833333333335,8.1815,265.31774,265.51521,89.188,1.126,28.4291,13.8262,20.4004,1021.0843494467753,13.826049496618424
2023-05-12 10:15:17.500,34.646284,1.155,0.0,6.5516,132.429106,53.496833333333335,8.1815,265.30626,265.50378,89.216,1.166,28.4271,13.8277,18.7506,1021.0827129451055,13.827544140179993
2023-05-12 10:15:17.750,34.642289,1.186,-9.99e-29,6.2099,132.429109,53.496833333333335,8.1815,265.31774,265.51521,89.318,1.197,28.4252,13.8262,16.8829,1021.0816899805812,13.826040012280195
2023-05-12 10:15:18.000,34.643543,1.211,-9.99e-29,6.2342,132.429112,53.496833333333335,8.1815,265.40396,265.60023,89.41,1.222,28.4373,13.8063,16.8517,1021.0948682992971,13.806136828849537
2023-05-12 10:15:18.250,34.651596,1.24,-9.99e-29,6.214,132.429115,53.496833333333335,8.1815,265.41333,265.60919,89.379,1.251,28.4487,13.8008,16.805,1021.1047593847841,13.800632987906484
2023-05-12 10:15:18.500,34.662811,1.264,-9.99e-29,6.1452,132.429117,53.496833333333335,8.1815,265.38391,265.57984,89.484,1.275,28.457,13.8034,16.9918,1021.1107036549328,13.803229745624057
2023-05-12 10:15:18.750,34.683812,1.287,-9.99e-29,6.1129,132.42912,53.496833333333335,8.1815,265.16779,265.36563,89.558,1.299,28.4666,13.8396,16.9918,1021.1111704893392,13.839426181189138
2023-05-12 10:15:19.000,34.702907,1.318,0.0,6.129,132.429123,53.496833333333335,8.1815,265.10354,265.30231,89.573,1.33,28.4564,13.8548,17.0385,1021.100592664885,13.85462190311337
2023-05-12 10:15:19.250,34.705172,1.352,0.0,6.1452,132.429126,53.496833333333335,8.1815,265.03928,265.23898,89.61,1.365,28.4462,13.87,16.9918,1021.0900312362131,13.869817082936336
2023-05-12 10:15:19.500,34.701588,1.394,0.0,6.4161,132.429129,53.496833333333335,8.1815,264.95154,265.15267,89.616,1.406,28.426,13.8929,16.6338,1021.0703755510775,13.89271139065181
2023-05-12 10:15:19.750,34.692337,1.435,0.0,6.4202,132.429132,53.496833333333335,8.1815,264.94583,265.14752,89.657,1.448,28.4104,13.9001,16.5871,1021.0572662185684,13.899905709637705
2023-05-12 10:15:20.000,34.687145,1.481,0.0,6.4161,132.429135,53.496833333333335,8.1815,264.94583,265.14752,89.8,1.494,28.4075,13.9001,16.5871,1021.0552587172516,13.899899542725006
2023-05-12 10:15:20.250,34.637451,1.518,0.0,6.4202,132.429138,53.496833333333335,8.1815,265.06737,265.2689,89.869,1.532,28.3696,13.8907,16.5871,1021.0283169363896,13.890494624619405
2023-05-12 10:15:20.500,34.611157,1.562,0.0,6.4242,132.429141,53.496833333333335,8.1815,265.2457,265.44543,89.847,1.576,28.3696,13.858,16.6183,1021.0348193191534,13.857789101836334
2023-05-12 10:15:20.750,34.623206,1.591,0.0,7.1763,132.429144,53.496833333333335,8.1815,265.39957,265.59659,89.879,1.605,28.4117,13.8157,19.2642,1021.0752307411,13.815485628064101
2023-05-12 10:15:21.000,34.618021,1.627,0.0,7.1865,132.429146,53.496833333333335,8.1815,265.44885,265.64522,89.828,1.641,28.4174,13.8048,19.3186,1021.0818397557413,13.804580937755487
2023-05-12 10:15:21.250,34.588691,1.654,-9.99e-29,7.1966,132.429149,53.496833333333335,8.1815,265.49812,265.69384,89.825,1.669,28.4231,13.7939,19.2642,1021.0884121070504,13.793677320071813
2023-05-12 10:15:21.500,34.57725,1.679,-9.99e-29,7.2087,132.429152,53.496833333333335,8.1815,265.72583,265.91949,89.805,1.694,28.4146,13.7553,19.342,1021.0894441777415,13.755074480748736
2023-05-12 10:15:21.750,34.575822,1.699,-9.99e-29,7.5322,132.429155,53.496833333333335,8.1815,265.92391,266.11509,89.73,1.714,28.4318,13.7134,20.9607,1021.110695866776,13.713172304033161
2023-05-12 10:15:22.000,34.562177,1.724,0.0,7.518,132.429158,53.496833333333335,8.1815,265.96621,266.15683,89.682,1.74,28.4363,13.7042,20.9763,1021.1160095272974,13.703968956530922
2023-05-12 10:15:22.250,34.557174,1.754,0.0,7.5079,132.429161,53.496833333333335,8.1815,266.0085,266.19856,89.545,1.769,28.4392,13.695,20.9607,1021.1201140397989,13.69476521773994
2023-05-12 10:15:22.500,34.543412,1.786,0.0,7.5079,132.429164,53.496833333333335,8.1815,266.092,266.28127,89.312,1.802,28.4409,13.6804,20.9918,1021.1243513972684,13.680161025932094
2023-05-12 10:15:22.750,34.53412,1.822,0.0,7.5079,132.429167,53.496833333333335,8.1815,266.17013,266.35853,89.141,1.839,28.4419,13.6653,20.9918,1021.128165545473,13.665056319365718
2023-05-12 10:15:23.000,34.536743,1.866,0.0,7.5039,132.42917,53.496833333333335,8.1815,266.23669,266.424,88.941,1.882,28.457,13.6481,21.0385,1021.1431753300963,13.647850820410106
2023-05-12 10:15:23.250,34.538174,1.909,0.0,7.4998,132.429172,53.496833333333335,8.1815,266.27328,266.45998,88.832,1.926,28.464,13.6387,20.9918,1021.1505129100888,13.638445108927836
2023-05-12 10:15:23.500,34.533945,1.949,0.0,7.4998,132.429175,53.496833333333335,8.1815,266.29476,266.48128,88.788,1.967,28.464,13.6353,21.0385,1021.1513451136213,13.63503973137444
2023-05-12 10:15:23.750,34.518995,1.985,0.0,7.5241,132.429178,53.496833333333335,8.1815,266.34104,266.52737,88.793,2.003,28.462,13.6302,22.9218,1021.1509511922748,13.62993504753772
2023-05-12 10:15:24.000,34.517924,2.016,0.0,7.5241,132.429181,53.496833333333335,8.1815,266.39281,266.57839,88.8,2.034,28.462,13.6181,22.9373,1021.1533964755697,13.617831126585124
2023-05-12 10:15:24.250,34.510005,2.049,0.0,7.512,132.429184,53.496833333333335,8.1815,266.44764,266.63266,88.837,2.067,28.462,13.6081,23.0463,1021.1554493663675,13.607826915157421
2023-05-12 10:15:24.500,34.49756,2.081,0.0,7.5079,132.429187,53.496833333333335,8.1815,266.51104,266.69552,88.924,2.1,28.4622,13.5979,23.0463,1021.1576921530882,13.597622711080987
2023-05-12 10:15:24.750,34.50042,2.114,0.0,7.512,132.42919,53.496833333333335,8.1815,266.56408,266.74766,88.894,2.133,28.4688,13.584,23.0619,1021.165527423293,13.583718551652352
2023-05-12 10:15:25.000,34.490417,2.143,0.0,7.5767,132.429193,53.496833333333335,8.1815,266.61789,266.80099,88.819,2.162,28.4714,13.5751,24.4938,1021.1693365466651,13.574814858152347
2023-05-12 10:15:25.250,34.490835,2.168,0.0,7.5848,132.429196,53.496833333333335,8.1815,266.66105,266.84348,88.751,2.188,28.4771,13.5645,24.4938,1021.1758232327351,13.564211582010307
2023-05-12 10:15:25.500,34.489288,2.204,0.0,7.5848,132.429198,53.496833333333335,8.1815,266.69597,266.87792,88.601,2.224,28.4814,13.5567,24.4938,1021.1807522728791,13.556406950451402
2023-05-12 10:15:25.750,34.490659,2.238,0.0,7.5848,132.429201,53.496833333333335,8.1815,266.71711,266.89869,88.541,2.259,28.4869,13.5511,24.5405,1021.1861754267355,13.550802414361588
2023-05-12 10:15:26.000,34.491493,2.269,0.0,7.5928,132.429204,53.496833333333335,8.1815,266.73003,266.91138,88.439,2.29,28.4893,13.5476,24.914,1021.1888129736752,13.547298381648261
2023-05-12 10:15:26.250,34.489409,2.307,0.0,7.5928,132.429207,53.496833333333335,8.1815,266.73937,266.92065,88.353,2.328,28.4902,13.5462,24.914,1021.1899368582194,13.545893397242473
2023-05-12 10:15:26.500,34.490362,2.343,0.0,7.5807,132.42921,53.496833333333335,8.1815,266.74934,266.93045,88.301,2.364,28.4922,13.5434,24.914,1021.1921581416899,13.543088697708125
2023-05-12 10:15:26.750,34.490422,2.383,0.0,7.5807,132.429213,53.496833333333335,8.1815,266.76084,266.94176,88.267,2.404,28.4944,13.5407,24.9451,1021.1945311396923,13.540383470332275
2023-05-12 10:15:27.000,34.49334,2.423,0.0,7.7222,132.429216,53.496833333333335,8.1815,266.76991,266.95049,88.246,2.444,28.4995,13.5373,25.1008,1021.1992529312269,13.536978247445644
2023-05-12 10:15:27.250,34.498164,2.459,0.0,7.7222,132.429219,53.496833333333335,8.1815,266.76991,266.95049,88.142,2.481,28.5054,13.5357,25.1786,1021.2042308259788,13.535373385622732
2023-05-12 10:15:27.500,34.501498,2.495,0.0,7.7222,132.429222,53.496833333333335,8.1815,266.76251,266.94303,88.023,2.517,28.5081,13.5353,25.1786,1021.2065312401487,13.53496864426607
2023-05-12 10:15:27.750,34.504178,2.524,0.0,7.7344,132.429225,53.496833333333335,8.1815,266.76251,266.94303,87.869,2.546,28.5113,13.5348,25.2408,1021.2092013328745,13.534464824661157
2023-05-12 10:15:28.000,34.506084,2.554,0.0,7.8759,132.429227,53.496833333333335,8.1815,266.77151,266.95173,87.816,2.577,28.5153,13.5317,26.7039,1021.2129853212238,13.531360787999477
2023-05-12 10:15:28.250,34.512278,2.587,0.0,7.886,132.42923,53.496833333333335,8.1815,266.77402,266.9541,87.719,2.61,28.5196,13.5299,26.8129,1021.2167607042678,13.529556463285768
2023-05-12 10:15:28.500,34.514422,2.614,-9.99e-29,7.8961,132.429233,53.496833333333335,8.1815,266.77653,266.95646,87.672,2.638,28.5238,13.528,26.7039,1021.2204562555264,13.527652799482912
2023-05-12 10:15:28.750,34.517103,2.639,-9.99e-29,7.8719,132.429236,53.496833333333335,8.1815,266.7745,266.95417,87.645,2.663,28.5336,13.525,26.7973,1021.2286263924519,13.524649532732987
2023-05-12 10:15:29.000,34.520677,2.665,0.0,8.0094,132.429239,53.496833333333335,8.1815,266.77888,266.95839,87.573,2.689,28.5378,13.5228,26.8128,1021.2323699552134,13.522446138968208
2023-05-12 10:15:29.250,34.526276,2.699,0.0,8.1468,132.429242,53.496833333333335,8.1815,266.78326,266.96261,87.657,2.723,28.542,13.5206,26.8284,1021.236149372782,13.520241692945081
2023-05-12 10:15:29.500,34.53277,2.73,0.0,8.1468,132.429245,53.496833333333335,8.1815,266.79902,266.97789,87.652,2.754,28.5528,13.5142,26.9373,1021.2457559446354,13.513837703016247
2023-05-12 10:15:29.750,34.536107,2.768,0.0,8.1509,132.429248,53.496833333333335,8.1815,266.8177,266.99617,87.678,2.793,28.5602,13.5083,26.9373,1021.2527052060922,13.507932665139746
2023-05-12 10:15:30.000,34.535512,2.811,0.0,8.1509,132.429251,53.496833333333335,8.1815,266.8391,267.01727,87.709,2.837,28.5633,13.5034,26.9373,1021.2562009917646,13.503026967708326
2023-05-12 10:15:30.250,34.53724,2.853,0.0,8.3328,132.429253,53.496833333333335,8.1815,266.84836,267.02632,87.793,2.879,28.567,13.5005,28.2292,1021.2597668690019,13.500121491572997
2023-05-12 10:15:30.500,34.538193,2.889,0.0,8.353,132.429256,53.496833333333335,8.1815,266.84972,267.02758,87.82,2.915,28.5689,13.4992,28.2292,1021.2616267898238,13.498816778425057
2023-05-12 10:15:30.750,34.539683,2.927,0.0,8.345,132.429259,53.496833333333335,8.1815,266.84972,267.02758,87.81,2.953,28.5702,13.4992,28.198,1021.2627905841597,13.49881177706726
2023-05-12 10:15:31.000,34.540279,2.959,0.0,8.3611,132.429262,53.496833333333335,8.1815,266.84876,267.02658,87.925,2.986,28.5706,13.4992,28.198,1021.2632441759669,13.498807436542688
2023-05-12 10:15:31.250,34.541172,2.994,0.0,8.4137,132.429265,53.496833333333335,8.1815,266.84876,267.02658,87.918,3.021,28.5719,13.4988,29.3498,1021.2644703908757,13.49840283825008
2023-05-12 10:15:31.500,34.541113,3.023,0.0,8.4137,132.429268,53.496833333333335,8.1815,266.85678,267.03448,88.021,3.05,28.5732,13.4969,29.3654,1021.2659542044605,13.496499062403059
2023-05-12 10:15:31.750,34.539684,3.052,0.0,8.4137,132.429271,53.496833333333335,8.1815,266.86652,267.04413,87.999,3.079,28.5732,13.4952,29.3965,1021.2664065793645,13.49479528804092
2023-05-12 10:15:32.000,34.539446,3.081,0.0,8.4218,132.429274,53.496833333333335,8.1815,266.87242,267.04994,87.972,3.108,28.574,13.4938,29.3965,1021.2674134218018,13.493391504279812
2023-05-12 10:15:32.250,34.54028,3.106,0.0,8.8181,132.429277,53.496833333333335,8.1815,266.87588,267.05332,88.06,3.134,28.5756,13.4927,30.1747,1021.2689613035174,13.492288105169637
2023-05-12 10:15:32.500,34.54177,3.135,0.0,8.8342,132.42928,53.496833333333335,8.1815,266.88096,267.05827,88.048,3.163,28.5783,13.4908,30.1747,1021.2715149721648,13.490384325960912
2023-05-12 10:15:32.750,34.542783,3.171,0.0,8.8342,132.429282,53.496833333333335,8.1815,266.89385,267.07093,88.017,3.2,28.5819,13.4873,29.9879,1021.2750956475501,13.486879529607684
2023-05-12 10:15:33.000,34.542604,3.209,0.0,8.8181,132.429285,53.496833333333335,8.1815,266.9033,267.08024,87.988,3.238,28.5833,13.4851,29.9879,1021.2767529738169,13.484674582005416
2023-05-12 10:15:33.250,34.543141,3.244,0.0,8.7938,132.429288,53.496833333333335,8.1815,266.90454,267.08144,87.929,3.273,28.5842,13.4846,29.9879,1021.2776924547512,13.484169991072456
2023-05-12 10:15:33.500,34.544035,3.289,0.0,8.5027,132.429291,53.496833333333335,8.1815,266.90639,267.08323,87.894,3.318,28.5856,13.4838,29.879,1021.2791157502043,13.483364091428971
2023-05-12 10:15:33.750,34.545107,3.326,0.0,8.4824,132.429294,53.496833333333335,8.1815,266.90884,267.08561,87.894,3.356,28.5873,13.4828,29.7856,1021.2807748567425,13.482359115441419
2023-05-12 10:15:34.000,34.545286,3.359,0.0,8.4946,132.429297,53.496833333333335,8.1815,266.91129,267.08802,87.875,3.389,28.588,13.4821,29.7545,1021.2815904323969,13.481654793792373
2023-05-12 10:15:34.250,34.545763,3.397,0.0,8.4946,132.4293,53.496833333333335,8.1815,266.91233,267.08902,87.83,3.427,28.5886,13.4817,29.7545,1021.2822951275652,13.481249808426474
2023-05-12 10:15:34.500,34.545525,3.427,0.0,8.6179,132.429303,53.496833333333335,8.1815,266.91269,267.08938,87.891,3.458,28.5887,13.4817,30.0269,1021.2825105006749,13.481245735049539
2023-05-12 10:15:34.750,34.545108,3.46,-9.99e-29,8.7412,132.429306,53.496833333333335,8.1815,266.91306,267.08975,87.859,3.491,28.5886,13.4816,30.3148,1021.2826009420503,13.481141402362335
2023-05-12 10:15:35.000,34.545287,3.484,-9.99e-29,8.7655,132.429308,53.496833333333335,8.1815,266.91016,267.0869,87.739,3.515,28.5877,13.4824,30.3148,1021.2818690450532,13.48193823274163
2023-05-12 10:15:35.250,34.544929,3.512,-9.99e-29,8.7493,132.429311,53.496833333333335,8.1815,266.90836,267.08514,87.675,3.544,28.5869,13.483,30.2681,1021.281273892662,13.48253441063877
2023-05-12 10:15:35.500,34.546121,3.536,-9.99e-29,8.9879,132.429314,53.496833333333335,8.1815,266.90454,267.08139,87.492,3.568,28.5862,13.484,30.7194,1021.2806569265321,13.48353123439875
2023-05-12 10:15:35.750,34.54487,3.567,0.0,9.0021,132.429317,53.496833333333335,8.1815,266.90906,267.08586,87.465,3.599,28.5864,13.4831,30.6105,1021.2811193303413,13.482627183763002
2023-05-12 10:15:36.000,34.543857,3.599,0.0,9.0,132.42932,53.496833333333335,8.1815,266.91358,267.09032,87.435,3.632,28.5865,13.4822,30.5015,1021.2815142671673,13.4817228712146
2023-05-12 10:15:36.250,34.545585,3.641,0.0,9.0,132.429323,53.496833333333335,8.1815,266.92282,267.09936,87.492,3.673,28.5903,13.4793,30.5015,1021.2851518808034,13.47881754381309
2023-05-12 10:15:36.500,34.545288,3.682,0.0,8.6523,132.429326,53.496833333333335,8.1815,266.93156,267.10798,87.593,3.715,28.5915,13.4773,30.4082,1021.286636298341,13.476812074675125
2023-05-12 10:15:36.750,34.546122,3.722,0.0,8.6321,132.429329,53.496833333333335,8.1815,266.93715,267.11346,87.694,3.755,28.5935,13.4756,30.1436,1021.2886662894996,13.47510685708778
2023-05-12 10:15:37.000,34.545527,3.76,0.0,8.624,132.429332,53.496833333333335,8.1815,266.94305,267.11929,87.824,3.793,28.5938,13.4744,30.1903,1021.2892932973609,13.473901897599788
2023-05-12 10:15:37.250,34.545587,3.8,0.0,8.6199,132.429334,53.496833333333335,8.1815,266.94754,267.1237,87.85,3.834,28.5941,13.4733,30.1903,1021.2899147924958,13.472796541926666
2023-05-12 10:15:37.500,34.544276,3.837,0.0,8.6199,132.429337,53.496833333333335,8.1815,266.95344,267.12956,87.874,3.872,28.5943,13.4725,30.3148,1021.2903895607259,13.471991572855703
2023-05-12 10:15:37.750,34.544038,3.868,0.0,8.6442,132.42934,53.496833333333335,8.1815,266.95601,267.13206,87.916,3.903,28.5943,13.4719,30.4237,1021.2906421982776,13.471387518782532
2023-05-12 10:15:38.000,34.545111,3.899,0.0,8.6927,132.429343,53.496833333333335,8.1815,266.95601,267.13206,87.943,3.934,28.5956,13.4715,30.5327,1021.2918504982418,13.470983452444438
2023-05-12 10:15:38.250,34.54666,3.925,0.0,8.6846,132.429346,53.496833333333335,8.1815,266.95552,267.13152,87.953,3.96,28.5974,13.4712,30.4237,1021.2933995789049,13.470680037269325
2023-05-12 10:15:38.500,34.54803,3.952,0.0,8.7008,132.429349,53.496833333333335,8.1815,266.95454,267.13052,87.95,3.987,28.5984,13.471,30.5327,1021.2943227733185,13.470476492055088
2023-05-12 10:15:38.750,34.547792,3.981,0.0,9.0122,132.429352,53.496833333333335,8.1815,266.95454,267.13052,87.996,4.017,28.5985,13.4708,31.4821,1021.2945715646746,13.47027255764989
2023-05-12 10:15:39.000,34.548448,4.008,0.0,9.0122,132.429355,53.496833333333335,8.1815,266.95769,267.1336,88.06,4.044,28.5999,13.4698,31.5288,1021.2959520509494,13.469269034004489
2023-05-12 10:15:39.250,34.551487,4.04,0.0,8.996,132.429358,53.496833333333335,8.1815,266.96409,267.13979,88.118,4.077,28.6048,13.467,31.5443,1021.3003754561203,13.466464757589481
2023-05-12 10:15:39.500,34.550295,4.075,0.0,8.9555,132.429361,53.496833333333335,8.1815,266.97768,267.15322,88.017,4.111,28.6057,13.4642,31.5755,1021.3017461592932,13.463660372560524
2023-05-12 10:15:39.750,34.55113,4.116,0.0,8.6887,132.429363,53.496833333333335,8.1815,266.97964,267.15494,87.994,4.153,28.6079,13.4623,32.665,1021.3039757783079,13.461754904190634
2023-05-12 10:15:40.000,34.556135,4.158,0.0,8.6846,132.429366,53.496833333333335,8.1815,266.97964,267.15494,87.857,4.195,28.6132,13.4613,32.6961,1021.3084042492314,13.460749391875988
2023-05-12 10:15:40.250,34.558698,4.197,0.0,8.6846,132.429369,53.496833333333335,8.1815,266.97864,267.15387,87.659,4.235,28.6161,13.4605,32.6961,1021.310951558409,13.459944149374804
2023-05-12 10:15:40.500,34.560783,4.232,0.0,8.6846,132.429372,53.496833333333335,8.1815,266.97511,267.15032,87.586,4.27,28.618,13.4605,32.7428,1021.3125606163359,13.45993954403159
2023-05-12 10:15:40.750,34.562869,4.268,0.0,8.624,132.429375,53.496833333333335,8.1815,266.96764,267.14289,87.495,4.306,28.6182,13.4615,33.5521,1021.312685405521,13.460934785394972
2023-05-12 10:15:41.000,34.562035,4.3,0.0,8.624,132.429378,53.496833333333335,8.1815,266.96756,267.14285,87.467,4.339,28.619,13.4619,33.5521,1021.3133689837423,13.46133043568535
2023-05-12 10:15:41.250,34.563346,4.334,0.0,8.6199,132.429381,53.496833333333335,8.1815,266.96353,267.13883,87.538,4.373,28.619,13.4623,33.5677,1021.3134456011928,13.461725959038354
2023-05-12 10:15:41.500,34.564299,4.361,0.0,8.6199,132.429384,53.496833333333335,8.1815,266.96071,267.13602,87.606,4.401,28.6197,13.4625,33.5521,1021.3140682223357,13.46192227231961
2023-05-12 10:15:41.750,34.566802,4.39,0.0,8.6199,132.429387,53.496833333333335,8.1815,266.95677,267.13206,87.722,4.43,28.622,13.4626,33.6299,1021.3159371462879,13.46201844802065
2023-05-12 10:15:42.000,34.568709,4.417,0.0,8.8909,132.429389,53.496833333333335,8.1815,266.94899,267.12433,87.711,4.457,28.6229,13.4636,35.4354,1021.3165565644679,13.463014865004109
2023-05-12 10:15:42.250,34.572106,4.443,0.0,8.903,132.429392,53.496833333333335,8.1815,266.94435,267.11957,87.85,4.483,28.6261,13.4636,35.4821,1021.3191188461965,13.463011431998387
2023-05-12 10:15:42.500,34.574133,4.477,0.0,8.903,132.429395,53.496833333333335,8.1815,266.94435,267.11957,87.741,4.517,28.6287,13.4625,35.4976,1021.3214668404108,13.461906988175674
2023-05-12 10:15:42.750,34.574968,4.509,0.0,8.903,132.429398,53.496833333333335,8.1815,266.94841,267.12354,87.684,4.55,28.6305,13.4612,35.5599,1021.3232368091135,13.460602687435294
2023-05-12 10:15:43.000,34.575802,4.551,0.0,8.6968,132.429401,53.496833333333335,8.1815,266.95127,267.12633,87.653,4.592,28.632,13.4602,35.6222,1021.3247609826714,13.459597197240653
2023-05-12 10:15:43.250,34.576279,4.589,0.0,8.6968,132.429404,53.496833333333335,8.1815,266.9523,267.12733,87.684,4.63,28.6327,13.4597,35.7311,1021.3255610505623,13.459092220604202
2023-05-12 10:15:43.500,34.576041,4.634,0.0,8.6887,132.429407,53.496833333333335,8.1815,266.95327,267.12827,87.783,4.676,28.6327,13.4594,35.7311,1021.3258240693606,13.458786191310997
2023-05-12 10:15:43.750,34.576458,4.674,0.0,8.6806,132.42941,53.496833333333335,8.1815,266.95327,267.12827,87.782,4.716,28.6331,13.4594,35.7622,1021.3263090782414,13.458780937092843
2023-05-12 10:15:44.000,34.577054,4.708,0.0,8.6199,132.429413,53.496833333333335,8.1815,266.95076,267.12578,87.88,4.751,28.6331,13.4598,36.5249,1021.3263901677392,13.459176327897046
2023-05-12 10:15:44.250,34.576935,4.741,0.0,8.6078,132.429416,53.496833333333335,8.1815,266.95076,267.12578,87.961,4.784,28.6331,13.46,36.8517,1021.3265001849805,13.459371988086037
2023-05-12 10:15:44.500,34.574551,4.775,0.0,8.6078,132.429418,53.496833333333335,8.1815,266.95007,267.12511,88.051,4.818,28.6329,13.4601,36.8517,1021.326480770391,13.459467521667495
2023-05-12 10:15:44.750,34.576876,4.804,0.0,8.6078,132.429421,53.496833333333335,8.1815,266.95337,267.12837,88.062,4.848,28.6329,13.4601,36.8673,1021.3266152347311,13.459463582671312
2023-05-12 10:15:45.000,34.576638,4.83,0.0,8.8949,132.429424,53.496833333333335,8.1815,266.95337,267.12837,88.082,4.873,28.6333,13.4594,36.9762,1021.3271656382611,13.458760322549665
2023-05-12 10:15:45.250,34.576936,4.855,0.0,8.9272,132.429427,53.496833333333335,8.1815,266.9539,267.12884,88.084,4.899,28.6339,13.4589,37.0074,1021.3278354894737,13.458256922892366
2023-05-12 10:15:45.500,34.578128,4.882,0.0,8.9353,132.42943,53.496833333333335,8.1815,266.9539,267.12884,88.028,4.926,28.6352,13.4586,36.9762,1021.3290069435185,13.457953380311904
2023-05-12 10:15:45.750,34.578545,4.913,0.0,8.9272,132.429433,53.496833333333335,8.1815,266.9539,267.12884,87.998,4.957,28.6356,13.4586,37.0074,1021.3294516121709,13.457949307601142
2023-05-12 10:15:46.000,34.578307,4.944,0.0,8.9353,132.429436,53.496833333333335,8.1815,266.95728,267.13216,87.99,4.988,28.6357,13.4578,37.0074,1021.3298185595953,13.45714526603011
2023-05-12 10:15:46.250,34.576937,4.978,0.0,8.9636,132.429439,53.496833333333335,8.1815,266.96541,267.14021,87.923,5.023,28.636,13.4564,40.6027,1021.3304699623104,13.45574072039715
2023-05-12 10:15:46.500,34.576639,5.02,0.0,8.9919,132.429442,53.496833333333335,8.1815,266.97414,267.14882,87.933,5.065,28.6369,13.4544,40.6494,1021.331724972868,13.453735274771395
2023-05-12 10:15:46.750,34.577056,5.061,0.0,8.9798,132.429444,53.496833333333335,8.1815,266.97922,267.15379,87.914,5.107,28.6383,13.453,40.6961,1021.3332484646891,13.452329804451121
2023-05-12 10:15:47.000,34.578129,5.099,0.0,8.9798,132.429447,53.496833333333335,8.1815,266.97924,267.15381,87.957,5.145,28.6396,13.4526,40.805,1021.3344881713884,13.45192482284536
2023-05-12 10:15:47.250,34.57801,5.139,0.0,8.8059,132.42945,53.496833333333335,8.1815,266.97924,267.15379,87.962,5.185,28.6396,13.4526,42.0502,1021.3346674598437,13.451919572549237
2023-05-12 10:15:47.500,34.577891,5.173,0.0,8.8059,132.429453,53.496833333333335,8.1815,266.97902,267.15361,88.0,5.22,28.6392,13.4529,42.1591,1021.3344617828996,13.452214969830216
2023-05-12 10:15:47.750,34.577057,5.208,0.0,8.8019,132.429456,53.496833333333335,8.1815,266.97902,267.15361,88.056,5.255,28.6382,13.4529,42.1903,1021.3338543425812,13.452210382693261
2023-05-12 10:15:48.000,34.576461,5.244,0.0,8.814,132.429459,53.496833333333335,8.1815,266.98188,267.15645,88.063,5.291,28.6382,13.4526,42.1903,1021.3340725284905,13.451905668989331
2023-05-12 10:15:48.250,34.577355,5.269,0.0,8.8585,132.429462,53.496833333333335,8.1815,266.98251,267.15703,88.14,5.317,28.6393,13.452,40.9607,1021.3351434676188,13.45130227190966
2023-05-12 10:15:48.500,34.577713,5.298,0.0,8.8706,132.429465,53.496833333333335,8.1815,266.98251,267.15703,88.197,5.346,28.6393,13.452,40.8984,1021.3352734516766,13.451298465532332
2023-05-12 10:15:48.750,34.576878,5.325,0.0,8.8868,132.429468,53.496833333333335,8.1815,266.98251,267.15703,88.196,5.373,28.6383,13.4526,40.9296,1021.3345165010194,13.451894905176902
2023-05-12 10:15:49.000,34.575389,5.354,0.0,8.8949,132.42947,53.496833333333335,8.1815,266.98377,267.15835,88.219,5.402,28.637,13.4526,40.8984,1021.3336528728579,13.451891107991184
2023-05-12 10:15:49.250,34.574316,5.384,0.0,8.8949,132.429473,53.496833333333335,8.1815,266.98775,267.1623,88.174,5.433,28.6363,13.4521,38.0969,1021.3333515076855,13.451387063950598
2023-05-12 10:15:49.500,34.57223,5.421,0.0,8.8949,132.429476,53.496833333333335,8.1815,266.9977,267.17218,88.174,5.47,28.6356,13.4506,38.0969,1021.3332664354144,13.449882272728484
2023-05-12 10:15:49.750,34.570145,5.459,0.0,8.8868,132.429479,53.496833333333335,8.1815,267.01069,267.18504,88.242,5.508,28.6356,13.4483,38.0969,1021.3338723516737,13.447577378288477
2023-05-12 10:15:50.000,34.570384,5.498,0.0,8.8706,132.429482,53.496833333333335,8.1815,267.01911,267.19333,88.309,5.548,28.6371,13.4462,37.9568,1021.3355958097553,13.445472203556987
2023-05-12 10:15:50.250,34.571457,5.536,0.0,8.8625,132.429485,53.496833333333335,8.1815,267.02158,267.19566,88.271,5.586,28.639,13.445,37.9568,1021.3374455982004,13.444267252522149
2023-05-12 10:15:50.500,34.572887,5.576,0.0,8.6968,132.429488,53.496833333333335,8.1815,267.02158,267.19566,88.199,5.626,28.6406,13.445,38.5327,1021.3388478255546,13.44426199237316
2023-05-12 10:15:50.750,34.5739,5.61,0.0,8.6927,132.429491,53.496833333333335,8.1815,267.01714,267.19126,88.134,5.661,28.6406,13.4453,38.6416,1021.3389478982461,13.444557387656157
2023-05-12 10:15:51.000,34.573483,5.648,0.0,8.6968,132.429494,53.496833333333335,8.1815,267.01393,267.18812,88.162,5.699,28.6399,13.4462,38.735,1021.3384127639181,13.445452369390457
2023-05-12 10:15:51.250,34.573662,5.677,0.0,8.7048,132.429497,53.496833333333335,8.1815,267.01182,267.18604,88.152,5.729,28.6398,13.4466,38.735,1021.3383950505536,13.445848416873062
2023-05-12 10:15:51.500,34.573304,5.708,0.0,8.7534,132.429499,53.496833333333335,8.1815,267.01153,267.18575,88.12,5.759,28.6395,13.4468,37.7545,1021.3382623450186,13.446044474133236
2023-05-12 10:15:51.750,34.573305,5.735,-9.99e-29,8.8019,132.429502,53.496833333333335,8.1815,267.01124,267.18547,88.083,5.787,28.6392,13.4469,36.7117,1021.3381396123791,13.446140798000176
2023-05-12 10:15:52.000,34.571636,5.757,-9.99e-29,8.7736,132.429505,53.496833333333335,8.1815,267.01544,267.18962,88.075,5.809,28.6398,13.446,36.7272,1021.3388672556549,13.445237944764935
2023-05-12 10:15:52.250,34.573186,5.789,0.0,8.9677,132.429508,53.496833333333335,8.1815,267.01753,267.19173,88.067,5.842,28.6386,13.4461,41.3654,1021.338079038104,13.44533361963124
2023-05-12 10:15:52.500,34.570563,5.817,0.0,9.1618,132.429511,53.496833333333335,8.1815,267.01962,267.19383,88.106,5.869,28.6373,13.446,45.9724,1021.3372253681049,13.445230091201607
2023-05-12 10:15:52.750,34.568478,5.847,0.0,9.1618,132.429514,53.496833333333335,8.1815,267.02806,267.2022,88.028,5.9,28.6373,13.4449,45.9879,1021.3375726149984,13.444126071074574
2023-05-12 10:15:53.000,34.567048,5.883,0.0,9.1618,132.429517,53.496833333333335,8.1815,267.04448,267.21842,88.022,5.937,28.6374,13.4415,45.9879,1021.338458645484,13.440721363403012
2023-05-12 10:15:53.250,34.566632,5.92,0.0,9.1537,132.42952,53.496833333333335,8.1815,267.061,267.23471,87.925,5.973,28.6399,13.4377,46.128,1021.3412502392421,13.43691678720899
2023-05-12 10:15:53.500,34.566394,5.963,0.0,8.8181,132.429523,53.496833333333335,8.1815,267.07722,267.25068,87.893,6.017,28.6425,13.4339,46.9373,1021.3441540377884,13.433111162903176
2023-05-12 10:15:53.750,34.566811,6.001,0.0,8.81,132.429525,53.496833333333335,8.1815,267.08625,267.25956,87.972,6.055,28.6446,13.4316,46.9996,1021.3463648131542,13.430806264911231
2023-05-12 10:15:54.000,34.567229,6.041,0.0,8.814,132.429528,53.496833333333335,8.1815,267.08891,267.26216,88.017,6.095,28.6456,13.4308,47.0152,1021.3474598722978,13.43000104772335
2023-05-12 10:15:54.250,34.567288,6.071,0.0,8.814,132.429531,53.496833333333335,8.1815,267.08913,267.26237,88.015,6.126,28.6456,13.4307,47.0307,1021.3476177540573,13.429896987614006
2023-05-12 10:15:54.500,34.564547,6.108,0.0,8.8221,132.429534,53.496833333333335,8.1815,267.09625,267.26949,88.121,6.163,28.6457,13.4301,47.1085,1021.3479735859721,13.429292162588519
2023-05-12 10:15:54.750,34.565978,6.138,0.0,8.8585,132.429537,53.496833333333335,8.1815,267.10385,267.27692,88.187,6.194,28.6467,13.4277,52.4938,1021.3493310532211,13.426888198730955
2023-05-12 10:15:55.000,34.56723,6.169,0.0,8.8625,132.42954,53.496833333333335,8.1815,267.10844,267.28139,88.226,6.225,28.6488,13.4262,52.5249,1021.3513590139146,13.425384185788618
2023-05-12 10:15:55.250,34.567051,6.196,0.0,8.8585,132.429543,53.496833333333335,8.1815,267.10872,267.28167,88.246,6.252,28.6488,13.4261,52.5249,1021.3514989636454,13.425280650992821
2023-05-12 10:15:55.500,34.566217,6.223,0.0,8.8625,132.429546,53.496833333333335,8.1815,267.11018,267.28314,88.194,6.28,28.6481,13.4261,52.4938,1021.3510894119704,13.425276986370356
2023-05-12 10:15:55.750,34.564131,6.254,0.0,9.0324,132.429549,53.496833333333335,8.1815,267.11831,267.29122,88.094,6.31,28.648,13.425,50.9373,1021.351355569693,13.424173105409142
2023-05-12 10:15:56.000,34.563476,6.284,0.0,9.0405,132.429552,53.496833333333335,8.1815,267.12855,267.30133,88.091,6.341,28.648,13.4228,50.9373,1021.3519107322294,13.421969144076105
2023-05-12 10:15:56.250,34.561808,6.324,0.0,9.0486,132.429554,53.496833333333335,8.1815,267.13962,267.31228,88.025,6.381,28.648,13.4208,50.9685,1021.352468363339,13.419963994965979
2023-05-12 10:15:56.500,34.563715,6.36,0.0,9.0486,132.429557,53.496833333333335,8.1815,267.13975,267.31229,88.019,6.418,28.6505,13.4198,51.1085,1021.3547343477755,13.418959171868165
2023-05-12 10:15:56.750,34.565145,6.402,0.0,8.8868,132.42956,53.496833333333335,8.1815,267.13975,267.31229,87.958,6.46,28.6521,13.4195,51.7622,1021.3562023906194,13.418653668448023
2023-05-12 10:15:57.000,34.568304,6.44,0.0,8.8868,132.429563,53.496833333333335,8.1815,267.13469,267.3072,87.997,6.498,28.655,13.4195,51.7622,1021.3585894664163,13.418648663733387
2023-05-12 10:15:57.250,34.569019,6.473,0.0,8.8666,132.429566,53.496833333333335,8.1815,267.13076,267.3033,88.044,6.531,28.6551,13.42,51.7311,1021.3587192505116,13.419144314315304
2023-05-12 10:15:57.500,34.571224,6.509,0.0,8.8666,132.429569,53.496833333333335,8.1815,267.1255,267.29805,88.072,6.568,28.6569,13.4204,51.7311,1021.3601853399031,13.419539430412726
2023-05-12 10:15:57.750,34.57331,6.545,0.0,8.9232,132.429572,53.496833333333335,8.1815,267.11984,267.29241,88.024,6.604,28.6583,13.4209,53.4743,1021.3613222667524,13.420034675835439
2023-05-12 10:15:58.000,34.574145,6.574,0.0,8.9232,132.429575,53.496833333333335,8.1815,267.11358,267.28622,87.925,6.633,28.6583,13.4221,53.4743,1021.3612252326355,13.421230816669139
2023-05-12 10:15:58.250,34.573072,6.601,0.0,8.9232,132.429578,53.496833333333335,8.1815,267.11162,267.28431,87.903,6.66,28.6573,13.4228,53.4354,1021.3604494382281,13.4219272523522
2023-05-12 10:15:58.500,34.571701,6.63,-9.99e-29,8.9192,132.42958,53.496833333333335,8.1815,267.10966,267.2824,87.8,6.689,28.6563,13.4235,53.3965,1021.3596826071455,13.422623425656631
2023-05-12 10:15:58.750,34.574741,6.653,-9.99e-29,9.3154,132.429583,53.496833333333335,8.1815,267.08737,267.26005,87.678,6.713,28.6661,13.4242,56.2447,1021.3671486572805,13.423320158095525
2023-05-12 10:15:59.000,34.584396,6.684,0.0,9.3094,132.429586,53.496833333333335,8.1815,267.07382,267.24649,87.731,6.744,28.6712,13.425,56.2759,1021.3710345465446,13.42411600889289
2023-05-12 10:15:59.250,34.596735,6.713,0.0,9.3114,132.429589,53.496833333333335,8.1815,267.06027,267.23294,87.84,6.773,28.6763,13.4257,56.307,1021.3749303725489,13.42481212611301
2023-05-12 10:15:59.500,34.600014,6.753,0.0,9.3114,132.429592,53.496833333333335,8.1815,267.0447,267.21749,87.879,6.814,28.6767,13.4281,56.307,1021.3749655972667,13.427206626634264
2023-05-12 10:15:59.750,34.601504,6.794,0.0,9.3114,132.429595,53.496833333333335,8.1815,267.03035,267.20331,87.923,6.855,28.6775,13.4309,56.198,1021.375230769359,13.430001101960215
2023-05-12 10:16:00.000,34.605916,6.834,0.0,9.0041,132.429598,53.496833333333335,8.1815,267.01527,267.18831,87.922,6.896,28.6793,13.4328,53.9879,1021.3764306312579,13.431895611788947
2023-05-12 10:16:00.250,34.606989,6.874,0.0,8.9919,132.429601,53.496833333333335,8.1815,267.0074,267.18053,87.893,6.936,28.6794,13.4342,53.9724,1021.3764212402431,13.433290292463353
2023-05-12 10:16:00.500,34.610984,6.912,0.0,8.9839,132.429604,53.496833333333335,8.1815,266.99243,267.16565,87.959,6.974,28.6813,13.4362,53.9879,1021.3776650589632,13.435285187458003
2023-05-12 10:16:00.750,34.612414,6.95,0.0,8.9677,132.429606,53.496833333333335,8.1815,266.98213,267.15546,88.115,7.012,28.6814,13.4381,54.0813,1021.3775519360256,13.437180102984685
2023-05-12 10:16:01.000,34.613905,6.984,0.0,8.9677,132.429609,53.496833333333335,8.1815,266.97385,267.14725,88.168,7.047,28.6816,13.4395,54.735,1021.3775964792501,13.4385754360019
2023-05-12 10:16:01.250,34.615336,7.014,0.0,8.9677,132.429612,53.496833333333335,8.1815,266.9684,267.14183,88.192,7.078,28.6824,13.4402,54.7661,1021.3782142866876,13.43927132389235
2023-05-12 10:16:01.500,34.618914,7.043,0.0,9.0,132.429615,53.496833333333335,8.1815,266.96354,267.13698,88.321,7.107,28.6837,13.4407,54.8284,1021.3792431809221,13.43976747958502
2023-05-12 10:16:01.750,34.624996,7.072,-9.99e-29,8.9636,132.429618,53.496833333333335,8.1815,266.95868,267.13214,88.369,7.136,28.685,13.4411,54.7661,1021.3802910143874,13.440163640178525
2023-05-12 10:16:02.000,34.627501,7.097,-9.99e-29,9.4489,132.429621,53.496833333333335,8.1815,266.91171,267.08539,88.439,7.161,28.6942,13.4465,54.1591,1021.386411630124,13.445559988677719
2023-05-12 10:16:02.250,34.633345,7.126,0.0,9.4368,132.429624,53.496833333333335,8.1815,266.90594,267.07967,88.522,7.191,28.6947,13.4474,54.128,1021.386757657907,13.446455997377244
2023-05-12 10:16:02.500,34.636028,7.157,0.0,9.4367,132.429627,53.496833333333335,8.1815,266.90018,267.07395,88.598,7.222,28.6953,13.4482,54.1591,1021.3872035434703,13.447251878639094
2023-05-12 10:16:02.750,34.63734,7.191,0.0,9.4246,132.42963,53.496833333333335,8.1815,266.89099,267.06486,88.579,7.256,28.6953,13.4499,54.2214,1021.3870336615339,13.44894732348641
2023-05-12 10:16:03.000,34.640442,7.227,0.0,9.4246,132.429633,53.496833333333335,8.1815,266.88058,267.0545,88.53,7.293,28.6972,13.4511,54.2369,1021.3884241829646,13.450142381772208
2023-05-12 10:16:03.250,34.649031,7.267,0.0,9.1537,132.429635,53.496833333333335,8.1815,266.85961,267.03355,88.496,7.333,28.7039,13.4526,56.2136,1021.3934399277276,13.45163698246139
2023-05-12 10:16:03.500,34.653863,7.311,0.0,9.1537,132.429638,53.496833333333335,8.1815,266.84171,267.01576,88.418,7.377,28.7066,13.455,56.2759,1021.3952456143218,13.454031046501825
2023-05-12 10:16:03.750,34.66114,7.347,0.0,9.1739,132.429641,53.496833333333335,8.1815,266.81783,266.99199,88.38,7.413,28.707,13.4578,56.307,1021.3951815974876,13.456826160814508
2023-05-12 10:16:04.000,34.658873,7.381,0.0,9.1739,132.429644,53.496833333333335,8.1815,266.81049,266.98485,88.341,7.448,28.7078,13.4605,56.307,1021.3954376998271,13.45952140654217
2023-05-12 10:16:04.250,34.6612,7.417,0.0,8.9192,132.429647,53.496833333333335,8.1815,266.79898,266.97343,88.411,7.484,28.7078,13.4623,55.093,1021.3952575301809,13.461316576538712
2023-05-12 10:16:04.500,34.670447,7.45,0.0,8.9192,132.42965,53.496833333333335,8.1815,266.77902,266.95345,88.538,7.517,28.7155,13.4633,55.0307,1021.4011006637196,13.462312107353315
2023-05-12 10:16:04.750,34.68244,7.482,0.0,8.911,132.429653,53.496833333333335,8.1815,266.76549,266.93992,88.55,7.55,28.7204,13.4641,55.0619,1021.4048417168664,13.46310767601786
2023-05-12 10:16:05.000,34.696643,7.51,-9.99e-29,8.9232,132.429656,53.496833333333335,8.1815,266.75196,266.92639,88.746,7.577,28.7253,13.4649,55.0307,1021.4085558574367,13.463904032780148
2023-05-12 10:16:05.250,34.699388,7.533,-9.99e-29,9.2346,132.429659,53.496833333333335,8.1815,266.69052,266.86556,88.847,7.601,28.7261,13.4758,56.0735,1021.4072054039142,13.474800263238318
2023-05-12 10:16:05.500,34.692226,7.562,0.0,9.2508,132.429661,53.496833333333335,8.1815,266.66804,266.84297,88.92,7.63,28.7381,13.4758,56.0191,1021.4165064099844,13.474796326712744
2023-05-12 10:16:05.750,34.718489,7.587,0.0,9.2669,132.429664,53.496833333333335,8.1815,266.64556,266.82038,88.906,7.656,28.7501,13.4758,55.9957,1021.4257939862906,13.474792784064052
2023-05-12 10:16:06.000,34.767812,7.622,0.0,9.2669,132.429667,53.496833333333335,8.1815,266.54839,266.72298,88.934,7.69,28.793,13.479,55.9957,1021.4581247731466,13.4779876936854
2023-05-12 10:16:06.250,34.815669,7.661,0.0,9.2346,132.42967,53.496833333333335,8.1815,266.42624,266.60105,89.126,7.731,28.8218,13.4889,56.0735,1021.4784358021287,13.487881441293649
2023-05-12 10:16:06.500,34.818177,7.699,0.0,8.9232,132.429673,53.496833333333335,8.1815,266.36729,266.54292,88.888,7.769,28.8218,13.5022,59.9646,1021.476074519924,13.50117567835023
2023-05-12 10:16:06.750,34.817997,7.739,0.0,8.9111,132.429676,53.496833333333335,8.1815,266.33982,266.51649,89.039,7.809,28.8146,13.5115,60.0268,1021.46898043034,13.510469946524116
2023-05-12 10:16:07.000,34.800726,7.779,0.0,8.8989,132.429679,53.496833333333335,8.1815,266.33327,266.51,88.943,7.849,28.796,13.516,60.0268,1021.4540888907316,13.514964603323126
2023-05-12 10:16:07.250,34.80228,7.819,0.0,8.8747,132.429682,53.496833333333335,8.1815,266.33327,266.51,89.019,7.889,28.796,13.517,60.0424,1021.4540775862818,13.51595926743996
2023-05-12 10:16:07.500,34.817758,7.851,0.0,8.7978,132.429685,53.496833333333335,8.1815,266.30642,266.48302,89.207,7.922,28.8101,13.5171,59.9334,1021.4649810288447,13.516054759406336
2023-05-12 10:16:07.750,34.828516,7.887,0.0,8.7938,132.429688,53.496833333333335,8.1815,266.28003,266.45666,89.426,7.958,28.8184,13.5191,59.9334,1021.4711037180919,13.518049804565548
2023-05-12 10:16:08.000,34.836107,7.92,0.0,8.7978,132.42969,53.496833333333335,8.1815,266.2586,266.43557,89.635,7.991,28.8184,13.5219,59.9334,1021.47071790825,13.520845284827564
2023-05-12 10:16:08.250,34.828516,7.949,0.0,8.8423,132.429693,53.496833333333335,8.1815,266.2586,266.43557,89.893,8.02,28.8145,13.5243,59.9023,1021.4674101866269,13.52324135663834
2023-05-12 10:16:08.500,34.822838,7.976,0.0,8.9252,132.429696,53.496833333333335,8.1815,266.26131,266.43834,90.186,8.048,28.8115,13.5248,59.2642,1021.4651478706405,13.523737661899865
2023-05-12 10:16:08.750,34.800547,8.005,-9.99e-29,9.0081,132.429699,53.496833333333335,8.1815,266.26402,266.4411,90.322,8.077,28.8085,13.5253,58.486,1021.4628900404336,13.524233835126802
2023-05-12 10:16:09.000,34.813993,8.028,-9.99e-29,9.093,132.429702,53.496833333333335,8.1815,266.26409,266.44056,90.534,8.101,28.8299,13.5182,58.4082,1021.4807035947061,13.517130857408263
2023-05-12 10:16:09.250,34.840293,8.061,0.0,8.9879,132.429705,53.496833333333335,8.1815,266.24393,266.42048,90.649,8.134,28.8342,13.5204,61.4899,1021.4837179542673,13.519326323911955
2023-05-12 10:16:09.500,34.853385,8.097,0.0,8.8989,132.429708,53.496833333333335,8.1815,266.22377,266.4004,90.665,8.17,28.8386,13.5226,64.5716,1021.4868220694914,13.521521391711554
2023-05-12 10:16:09.750,34.858228,8.135,0.0,8.8989,132.429711,53.496833333333335,8.1815,266.19352,266.37045,90.787,8.208,28.8386,13.5279,64.6183,1021.4859816645991,13.526816055604334
2023-05-12 10:16:10.000,34.859603,8.171,0.0,8.8989,132.429714,53.496833333333335,8.1815,266.17489,266.35207,90.772,8.245,28.8372,13.5319,64.6183,1021.4843146988296,13.530810942191446
2023-05-12 10:16:10.250,34.856135,8.211,0.0,8.8989,132.429716,53.496833333333335,8.1815,266.17113,266.34849,90.756,8.285,28.8372,13.5342,64.6027,1021.484055115262,13.533105517813647
2023-05-12 10:16:10.500,34.862473,8.249,0.0,8.8666,132.429719,53.496833333333335,8.1815,266.15558,266.33295,90.617,8.323,28.8372,13.5354,64.5716,1021.4839963815042,13.534300423257497
2023-05-12 10:16:10.750,34.865223,8.287,0.0,8.7048,132.429722,53.496833333333335,8.1815,266.1458,266.32323,90.607,8.361,28.8387,13.5366,59.2486,1021.4850838032645,13.535495311481819
2023-05-12 10:16:11.000,34.87216,8.319,0.0,8.6887,132.429725,53.496833333333335,8.1815,266.12832,266.30578,90.482,8.395,28.844,13.538,59.2486,1021.4890187450942,13.53689067326855
2023-05-12 10:16:11.250,34.87515,8.354,0.0,8.6846,132.429728,53.496833333333335,8.1815,266.11572,266.29328,90.456,8.429,28.8454,13.5399,59.2486,1021.489878186769,13.538786046458405
2023-05-12 10:16:11.500,34.880233,8.386,0.0,8.6846,132.429731,53.496833333333335,8.1815,266.10199,266.27958,90.375,8.462,28.8458,13.5411,59.0307,1021.4901025999044,13.539981605191961
2023-05-12 10:16:11.750,34.877662,8.413,0.0,8.8059,132.429734,53.496833333333335,8.1815,266.10167,266.27942,90.313,8.489,28.8458,13.5423,56.0268,1021.4899944832184,13.541177961106351
2023-05-12 10:16:12.000,34.875987,8.442,0.0,8.8059,132.429737,53.496833333333335,8.1815,266.10123,266.27893,90.414,8.518,28.8458,13.5429,55.9646,1021.4900098363751,13.541774089393256
2023-05-12 10:16:12.250,34.879994,8.469,0.0,8.8059,132.42974,53.496833333333335,8.1815,266.09369,266.27142,90.491,8.546,28.8473,13.5432,55.9646,1021.4912241184592,13.542070351463689
2023-05-12 10:16:12.500,34.888846,8.5,0.0,8.8059,132.429742,53.496833333333335,8.1815,266.0769,266.25458,90.6,8.577,28.855,13.5437,55.9334,1021.497151056341,13.542566133960378
2023-05-12 10:16:12.750,34.900451,8.534,0.0,8.6765,132.429745,53.496833333333335,8.1815,266.05182,266.22949,90.661,8.612,28.8647,13.545,55.8868,1021.5044713302309,13.543861313569218
2023-05-12 10:16:13.000,34.907091,8.571,0.0,8.6765,132.429748,53.496833333333335,8.1815,266.03214,266.20988,90.717,8.648,28.8692,13.547,55.8245,1021.5076890447104,13.545856374422462
2023-05-12 10:16:13.250,34.909783,8.611,0.0,8.6765,132.429751,53.496833333333335,8.1815,266.01976,266.19759,90.859,8.688,28.8702,13.5489,55.7778,1021.5082693851463,13.547750950980786
2023-05-12 10:16:13.500,34.915886,8.652,0.0,8.6765,132.429754,53.496833333333335,8.1815,266.00371,266.18158,90.949,8.73,28.8722,13.5503,55.7778,1021.5097182253463,13.549145282027789
2023-05-12 10:16:13.750,34.91421,8.689,0.0,8.5754,132.429757,53.496833333333335,8.1815,266.00114,266.17911,91.009,8.767,28.8739,13.5517,53.521,1021.5109154150979,13.550540277094502
2023-05-12 10:16:14.000,34.916783,8.725,0.0,8.5471,132.42976,53.496833333333335,8.1815,265.99348,266.17148,91.016,8.803,28.8739,13.5525,53.3965,1021.5109237941149,13.551335461839816
2023-05-12 10:16:14.250,34.919476,8.757,0.0,8.5471,132.429763,53.496833333333335,8.1815,265.98472,266.16276,91.064,8.836,28.8756,13.5535,53.4743,1021.512179446478,13.552331010484387
2023-05-12 10:16:14.500,34.920972,8.791,0.0,8.5633,132.429766,53.496833333333335,8.1815,265.98009,266.15815,91.134,8.871,28.8766,13.554,53.4743,1021.51300472006,13.55282633433335
2023-05-12 10:16:14.750,34.923964,8.824,0.0,8.5633,132.429769,53.496833333333335,8.1815,265.97539,266.1535,91.186,8.904,28.8767,13.5545,53.5366,1021.5131333670552,13.553321933093756
2023-05-12 10:16:15.000,34.921809,8.853,0.0,8.5593,132.429771,53.496833333333335,8.1815,265.97539,266.1535,91.292,8.933,28.8767,13.5548,54.1903,1021.513205907175,13.553618075244447
2023-05-12 10:16:15.250,34.91445,8.878,0.0,8.5552,132.429774,53.496833333333335,8.1815,265.98787,266.16604,91.329,8.958,28.87,13.5548,54.3148,1021.5081985888896,13.553614845397629
2023-05-12 10:16:15.500,34.910442,8.905,0.0,8.531,132.429777,53.496833333333335,8.1815,265.99891,266.17705,91.42,8.985,28.8671,13.5538,54.3148,1021.5062947466001,13.552611371892805
2023-05-12 10:16:15.750,34.906374,8.939,0.0,8.5552,132.42978,53.496833333333335,8.1815,265.99977,266.17764,91.533,9.02,28.8671,13.5523,54.2058,1021.5067380387836,13.551106838812695
2023-05-12 10:16:16.000,34.917801,8.968,0.0,8.7978,132.429783,53.496833333333335,8.1815,265.99977,266.17764,91.451,9.049,28.8762,13.5506,54.2058,1021.5141457670309,13.549403005072508
2023-05-12 10:16:16.250,34.932402,9.004,0.0,8.8059,132.429786,53.496833333333335,8.1815,265.97596,266.15369,91.494,9.085,28.8898,13.5506,54.2058,1021.5246984727861,13.549398078462177
2023-05-12 10:16:16.500,34.935813,9.042,0.0,8.7978,132.429789,53.496833333333335,8.1815,265.96237,266.14019,91.435,9.124,28.8902,13.5522,54.2992,1021.5248730173912,13.550992805638764
2023-05-12 10:16:16.750,34.936232,9.08,0.0,8.7978,132.429792,53.496833333333335,8.1815,265.95293,266.13088,91.412,9.162,28.8914,13.5544,54.128,1021.5255396447951,13.553187614448005
2023-05-12 10:16:17.000,34.943414,9.119,0.0,8.4258,132.429795,53.496833333333335,8.1815,265.93415,266.11215,91.372,9.202,28.8915,13.556,53.8323,1021.5254893711825,13.554782210744884
2023-05-12 10:16:17.250,34.940242,9.154,0.0,8.4258,132.429797,53.496833333333335,8.1815,265.93351,266.11163,91.321,9.236,28.8929,13.5575,53.7389,1021.5264245994274,13.556277591406756
2023-05-12 10:16:17.500,34.942576,9.188,0.0,8.4177,132.4298,53.496833333333335,8.1815,265.92536,266.10352,91.341,9.271,28.8929,13.5585,53.7389,1021.5263901679378,13.557272889699428
2023-05-12 10:16:17.750,34.946167,9.222,0.0,8.4177,132.429803,53.496833333333335,8.1815,265.91689,266.09505,91.293,9.306,28.8957,13.5591,53.6611,1021.5285715591965,13.557868180304654
2023-05-12 10:16:18.000,34.947005,9.255,0.0,8.7048,132.429806,53.496833333333335,8.1815,265.91689,266.09505,91.319,9.338,28.8957,13.56,53.3965,1021.5285427868572,13.558763881614857
2023-05-12 10:16:18.250,34.939823,9.282,0.0,8.7331,132.429809,53.496833333333335,8.1815,265.92163,266.09995,91.303,9.366,28.8888,13.56,53.3965,1021.5233961729004,13.558760258859243
2023-05-12 10:16:18.500,34.93324,9.311,0.0,8.7331,132.429812,53.496833333333335,8.1815,265.93581,266.11414,91.208,9.395,28.8833,13.5598,53.3965,1021.5193619533159,13.558556500583784
2023-05-12 10:16:18.750,34.931983,9.342,0.0,8.7372,132.429815,53.496833333333335,8.1815,265.94248,266.12066,91.149,9.426,28.8833,13.5586,53.5054,1021.5197301420234,13.557352478494037
2023-05-12 10:16:19.000,34.934497,9.375,0.0,8.7372,132.429818,53.496833333333335,8.1815,265.94248,266.12066,91.143,9.459,28.886,13.5577,53.5366,1021.5221128979935,13.556448137801773
2023-05-12 10:16:19.250,34.947664,9.405,0.0,8.6765,132.429821,53.496833333333335,8.1815,265.92571,266.10383,91.135,9.49,28.8942,13.5577,54.1591,1021.5285170116091,13.556443930993854
2023-05-12 10:16:19.500,34.943714,9.445,0.0,8.6765,132.429823,53.496833333333335,8.1815,265.92262,266.10065,91.133,9.531,28.8961,13.558,54.1747,1021.5300949671503,13.556738457564707
2023-05-12 10:16:19.750,34.946347,9.485,0.0,8.6765,132.429826,53.496833333333335,8.1815,265.91826,266.09641,91.174,9.571,28.8961,13.5587,54.2369,1021.5301402567341,13.557433112173209
2023-05-12 10:16:20.000,34.947006,9.525,0.0,8.6604,132.429829,53.496833333333335,8.1815,265.91506,266.09323,91.169,9.611,28.8962,13.5592,54.2369,1021.5303001824586,13.557927779116138
2023-05-12 10:16:20.250,34.947245,9.563,0.0,8.167,132.429832,53.496833333333335,8.1815,265.91347,266.09166,91.222,9.649,28.8963,13.5595,52.2914,1021.5304893863853,13.558222724673701
2023-05-12 10:16:20.500,34.948263,9.602,0.0,8.163,132.429835,53.496833333333335,8.1815,265.90967,266.08788,91.291,9.689,28.8964,13.56,52.198,1021.5306493059107,13.558717391045342
2023-05-12 10:16:20.750,34.948263,9.638,0.0,8.163,132.429838,53.496833333333335,8.1815,265.90758,266.08582,91.373,9.725,28.8965,13.5605,52.198,1021.5307913109859,13.559212586831093
2023-05-12 10:16:21.000,34.948921,9.669,0.0,8.163,132.429841,53.496833333333335,8.1815,265.90407,266.08235,91.399,9.757,28.8964,13.5611,52.2292,1021.5307434710976,13.559808307532224
2023-05-12 10:16:21.250,34.948802,9.702,0.0,8.353,132.429844,53.496833333333335,8.1815,265.90407,266.08235,91.457,9.789,28.8963,13.5613,52.4315,1021.5307721103794,13.560004056520775
2023-05-12 10:16:21.500,34.947425,9.731,0.0,8.353,132.429847,53.496833333333335,8.1815,265.90453,266.08285,91.542,9.818,28.8947,13.5616,52.4315,1021.5296221205659,13.560300214972166
2023-05-12 10:16:21.750,34.947006,9.76,0.0,8.3733,132.42985,53.496833333333335,8.1815,265.90526,266.08358,91.472,9.848,28.8943,13.5616,52.4626,1021.5294508307975,13.560296246959684
2023-05-12 10:16:22.000,34.943834,9.787,0.0,8.3733,132.429852,53.496833333333335,8.1815,265.91104,266.08932,91.428,9.875,28.8938,13.5614,52.4626,1021.5292279439572,13.560092691998923
2023-05-12 10:16:22.250,34.94575,9.812,0.0,8.5633,132.429855,53.496833333333335,8.1815,265.91155,266.08989,91.377,9.901,28.892,13.5608,52.4938,1021.5280837922118,13.559489315433055
2023-05-12 10:16:22.500,34.943595,9.845,0.0,8.5633,132.429858,53.496833333333335,8.1815,265.91104,266.08932,91.305,9.934,28.8938,13.5608,52.5405,1021.529606847055,13.559484921637683
2023-05-12 10:16:22.750,34.950359,9.881,0.0,8.5431,132.429861,53.496833333333335,8.1815,265.90268,266.08093,91.289,9.97,28.8979,13.5608,52.5093,1021.532900650963,13.559480100158334
2023-05-12 10:16:23.000,34.953172,9.917,0.0,8.5431,132.429864,53.496833333333335,8.1815,265.89896,266.07714,91.222,10.006,28.9006,13.5608,52.5093,1021.5351247831859,13.55947529672965
2023-05-12 10:16:23.250,34.95419,9.957,0.0,8.535,132.429867,53.496833333333335,8.1815,265.89896,266.0771,91.275,10.046,28.9019,13.5602,52.5093,1021.5364118840882,13.558870025744485
2023-05-12 10:16:23.500,34.955447,9.998,0.0,8.3005,132.42987,53.496833333333335,8.1815,265.89897,266.07714,91.233,10.088,28.9034,13.5597,54.7039,1021.537841630123,13.558364480058525
2023-05-12 10:16:23.750,34.956106,10.036,0.0,8.2883,132.429873,53.496833333333335,8.1815,265.90018,266.07817,91.271,10.127,28.9048,13.5588,54.7506,1021.5392580234806,13.557459362700238
2023-05-12 10:16:24.000,34.958859,10.072,0.0,8.2883,132.429876,53.496833333333335,8.1815,265.9018,266.07987,91.267,10.163,28.9071,13.558,54.7506,1021.5413295139554,13.556654623524759
2023-05-12 10:16:24.250,34.958021,10.103,0.0,8.2883,132.429878,53.496833333333335,8.1815,265.90018,266.07817,91.172,10.194,28.9078,13.558,54.7039,1021.5420031599385,13.556650508677947
2023-05-12 10:16:24.500,34.959518,10.141,0.0,8.4218,132.429881,53.496833333333335,8.1815,265.89853,266.07653,91.21,10.232,28.9082,13.5582,51.8556,1021.54244068912,13.556845455823925
2023-05-12 10:16:24.750,34.959518,10.173,0.0,8.4218,132.429884,53.496833333333335,8.1815,265.89853,266.07653,91.233,10.265,28.9082,13.5582,51.6844,1021.5425884496574,13.556841085389191
2023-05-12 10:16:25.000,34.957363,10.202,0.0,8.4339,132.429887,53.496833333333335,8.1815,265.90491,266.08289,91.262,10.294,28.9083,13.5575,51.6844,1021.5429285534351,13.556137295911952
2023-05-12 10:16:25.250,34.958441,10.229,0.0,8.446,132.42989,53.496833333333335,8.1815,265.90642,266.08434,91.291,10.322,28.9068,13.5567,51.8556,1021.5420608009077,13.555333668430206
2023-05-12 10:16:25.500,34.948684,10.258,0.0,8.7331,132.429893,53.496833333333335,8.1815,265.92628,266.10423,91.366,10.351,28.9,13.5559,54.4548,1021.5371479947513,13.554529981235376
2023-05-12 10:16:25.750,34.944016,10.287,0.0,8.7331,132.429896,53.496833333333335,8.1815,265.92628,266.10423,91.451,10.38,28.9,13.5548,54.4704,1021.5374881331159,13.553426224625916
2023-05-12 10:16:26.000,34.954431,10.319,0.0,8.7331,132.429899,53.496833333333335,8.1815,265.92564,266.1034,91.452,10.413,28.9069,13.5537,54.4548,1021.5431182239136,13.552321844229034
2023-05-12 10:16:26.250,34.959519,10.357,0.0,8.7291,132.429902,53.496833333333335,8.1815,265.91947,266.0971,91.465,10.451,28.9119,13.5533,54.3615,1021.5471851777454,13.551916774501759
2023-05-12 10:16:26.500,34.960777,10.397,0.0,8.3045,132.429905,53.496833333333335,8.1815,265.91947,266.0971,91.374,10.491,28.9134,13.5526,50.3303,1021.5486442098525,13.55121151099341
2023-05-12 10:16:26.750,34.960537,10.435,0.0,8.3045,132.429907,53.496833333333335,8.1815,265.91947,266.0971,91.356,10.529,28.9136,13.5526,50.3148,1021.5489671738362,13.551206476783888
2023-05-12 10:16:27.000,34.961376,10.477,0.0,8.2964,132.42991,53.496833333333335,8.1815,265.91821,266.09584,91.33,10.571,28.914,13.5527,50.2681,1021.5494417437496,13.551300902411617
2023-05-12 10:16:27.250,34.96371,10.513,0.0,8.3126,132.429913,53.496833333333335,8.1815,265.91398,266.09159,91.352,10.608,28.9161,13.5528,50.2681,1021.551192839848,13.551395966206563
2023-05-12 10:16:27.500,34.964788,10.549,0.0,8.3045,132.429916,53.496833333333335,8.1815,265.91097,266.08859,91.347,10.644,28.9169,13.5531,50.2836,1021.5519079302048,13.551691164843424
2023-05-12 10:16:27.750,34.965626,10.576,0.0,8.3126,132.429919,53.496833333333335,8.1815,265.9097,266.08733,91.388,10.671,28.9169,13.5533,50.6572,1021.5519905861852,13.551887574040508
2023-05-12 10:16:28.000,34.965028,10.608,0.0,8.3086,132.429922,53.496833333333335,8.1815,265.90918,266.08681,91.391,10.704,28.9171,13.5533,50.7272,1021.5522911595533,13.551883201433402
2023-05-12 10:16:28.250,34.961855,10.639,-9.99e-29,8.3126,132.429925,53.496833333333335,8.1815,265.9097,266.08733,91.384,10.735,28.9169,13.5533,50.7973,1021.5522771512556,13.551879099292105
2023-05-12 10:16:28.500,34.960778,10.663,-9.99e-29,8.3086,132.429928,53.496833333333335,8.1815,265.91814,266.09579,91.457,10.759,28.9132,13.553,50.7506,1021.5496149272203,13.55157599724487
2023-05-12 10:16:28.750,34.961376,10.69,-9.99e-29,8.814,132.429931,53.496833333333335,8.1815,265.91684,266.09449,91.47,10.787,28.9137,13.5531,52.4004,1021.5501032142743,13.551672274743474
2023-05-12 10:16:29.000,34.965208,10.715,-9.99e-29,8.8181,132.429933,53.496833333333335,8.1815,265.8973,266.07485,91.464,10.812,28.9247,13.5529,52.5716,1021.5586581226913,13.551468823502598
2023-05-12 10:16:29.250,34.97329,10.749,0.0,8.8222,132.429936,53.496833333333335,8.1815,265.89988,266.07741,91.505,10.847,28.9246,13.5525,52.5716,1021.5588149137981,13.551064221652975
2023-05-12 10:16:29.500,34.972392,10.787,0.0,8.8181,132.429939,53.496833333333335,8.1815,265.90247,266.07996,91.544,10.885,28.9245,13.552,52.5716,1021.5590042568092,13.550559230681854
2023-05-12 10:16:29.750,34.969219,10.827,0.0,8.4946,132.429942,53.496833333333335,8.1815,265.90989,266.08733,91.515,10.925,28.9236,13.5511,50.9685,1021.5586677760621,13.549654018545368
2023-05-12 10:16:30.000,34.970537,10.869,0.0,8.4784,132.429945,53.496833333333335,8.1815,265.91,266.08742,91.62,10.967,28.9236,13.551,50.9685,1021.5588749526686,13.549548465188172
2023-05-12 10:16:30.250,34.971375,10.91,0.0,8.4784,132.429948,53.496833333333335,8.1815,265.90989,266.08733,91.676,11.009,28.9246,13.5506,50.9685,1021.5599035584015,13.549142921464513
2023-05-12 10:16:30.500,34.974309,10.947,0.0,8.4703,132.429951,53.496833333333335,8.1815,265.90506,266.08245,91.671,11.045,28.9273,13.5506,50.9685,1021.5621277420566,13.549138115349358
2023-05-12 10:16:30.750,34.975566,10.984,0.0,8.0215,132.429954,53.496833333333335,8.1815,265.90084,266.07825,91.662,11.084,28.9273,13.5511,49.272,1021.5622067628278,13.549632910702796
2023-05-12 10:16:31.000,34.974548,11.017,0.0,8.0134,132.429957,53.496833333333335,8.1815,265.89957,266.07704,91.639,11.116,28.9269,13.5519,49.272,1021.5618914463998,13.550428614250679
2023-05-12 10:16:31.250,34.975087,11.048,0.0,8.0154,132.429959,53.496833333333335,8.1815,265.89897,266.07644,91.547,11.147,28.9267,13.552,49.272,1021.5618583135597,13.550524503867084
2023-05-12 10:16:31.500,34.970058,11.082,-9.99e-29,8.0093,132.429962,53.496833333333335,8.1815,265.89838,266.07584,91.522,11.182,28.9269,13.552,49.272,1021.5621678389296,13.550519866002052
2023-05-12 10:16:31.750,34.966287,11.105,-9.99e-29,8.0376,132.429965,53.496833333333335,8.1815,265.91483,266.09235,91.439,11.206,28.9191,13.5516,49.3809,1021.5563920609823,13.550116835613643
2023-05-12 10:16:32.000,34.971375,11.129,-9.99e-29,8.4501,132.429968,53.496833333333335,8.1815,265.89837,266.07589,91.443,11.23,28.9252,13.5525,46.2681,1021.5609882369027,13.551013493695516
2023-05-12 10:16:32.250,34.97371,11.16,0.0,8.4299,132.429971,53.496833333333335,8.1815,265.89376,266.07124,91.429,11.26,28.9284,13.5523,46.2136,1021.5636058146283,13.550809489792988
2023-05-12 10:16:32.500,34.980237,11.188,0.0,8.438,132.429974,53.496833333333335,8.1815,265.88915,266.06658,91.444,11.289,28.9315,13.5521,46.2525,1021.5661425109878,13.550605619637611
2023-05-12 10:16:32.750,34.985566,11.223,0.0,8.4097,132.429977,53.496833333333335,8.1815,265.88821,266.06545,91.492,11.324,28.9371,13.5511,46.2525,1021.570769234237,13.549600983487041
2023-05-12 10:16:33.000,34.985986,11.266,0.0,8.0538,132.42998,53.496833333333335,8.1815,265.88821,266.06545,91.434,11.368,28.9384,13.55,48.9918,1021.572169888038,13.548495228086011
2023-05-12 10:16:33.250,34.987483,11.308,0.0,8.0538,132.429983,53.496833333333335,8.1815,265.88871,266.0659,91.518,11.41,28.9389,13.5492,48.9918,1021.5728929571956,13.547689725121382
2023-05-12 10:16:33.500,34.985746,11.346,0.0,8.0538,132.429986,53.496833333333335,8.1815,265.88871,266.0659,91.556,11.448,28.9403,13.5492,48.9918,1021.5741328018523,13.547684671867758
2023-05-12 10:16:33.750,34.989579,11.385,0.0,8.0053,132.429988,53.496833333333335,8.1815,265.88551,266.06268,91.521,11.488,28.9422,13.5492,48.9762,1021.5757636372249,13.547679346033489
2023-05-12 10:16:34.000,34.991076,11.422,0.0,7.8193,132.429991,53.496833333333335,8.1815,265.88152,266.05869,91.468,11.525,28.9432,13.5495,46.3926,1021.5766360024488,13.547974405723643
2023-05-12 10:16:34.250,34.991076,11.454,0.0,7.8031,132.429994,53.496833333333335,8.1815,265.88152,266.05869,91.515,11.558,28.9433,13.5495,46.2836,1021.5768601630366,13.547970033887665
2023-05-12 10:16:34.500,34.991915,11.489,0.0,7.8031,132.429997,53.496833333333335,8.1815,265.88404,266.06114,91.451,11.592,28.9448,13.5486,46.2836,1021.5783306176623,13.547065584320633
2023-05-12 10:16:34.750,34.991735,11.516,0.0,7.8213,132.43,53.496833333333335,8.1815,265.88571,266.06279,91.393,11.62,28.945,13.5482,46.2758,1021.5786852928507,13.546661907125634
2023-05-12 10:16:35.000,34.987903,11.541,-9.99e-29,7.8395,132.430003,53.496833333333335,8.1815,265.88737,266.06443,91.42,11.645,28.9452,13.5478,46.2681,1021.5790265349992,13.546258627346251
2023-05-12 10:16:35.250,34.985568,11.563,-9.99e-29,8.0902,132.430006,53.496833333333335,8.1815,265.89176,266.0688,91.439,11.667,28.9443,13.5473,43.6066,1021.5785329821371,13.545755770380211
2023-05-12 10:16:35.500,34.990418,11.588,0.0,8.0861,132.430009,53.496833333333335,8.1815,265.88517,266.06216,91.496,11.693,28.9484,13.5472,43.6377,1021.5818012329514,13.545652272811592
2023-05-12 10:16:35.750,34.999102,11.619,0.0,8.0821,132.430012,53.496833333333335,8.1815,265.87858,266.05552,91.472,11.724,28.9525,13.547,43.6066,1021.5851109970464,13.545448121393745
2023-05-12 10:16:36.000,35.010362,11.657,0.0,8.07,132.430014,53.496833333333335,8.1815,265.87215,266.04868,91.595,11.762,28.9642,13.5452,43.6689,1021.5945651262283,13.543643062183579
2023-05-12 10:16:36.250,35.013776,11.693,0.0,8.0417,132.430017,53.496833333333335,8.1815,265.87215,266.04868,91.616,11.799,28.9694,13.5425,45.9101,1021.5992204043382,13.540938313709288
2023-05-12 10:16:36.500,35.012699,11.736,0.0,8.0417,132.43002,53.496833333333335,8.1815,265.88455,266.06092,91.71,11.843,28.9703,13.5399,46.0502,1021.600602285026,13.53833269777549
2023-05-12 10:16:36.750,35.012879,11.78,0.0,8.0417,132.430023,53.496833333333335,8.1815,265.88779,266.06405,91.712,11.886,28.9713,13.5388,46.0035,1021.6017692436939,13.537227084158978
2023-05-12 10:16:37.000,35.014376,11.819,0.0,8.0053,132.430026,53.496833333333335,8.1815,265.88779,266.06405,91.706,11.926,28.9729,13.5388,46.0502,1021.6031708958008,13.537221763151358
2023-05-12 10:16:37.250,35.016533,11.859,0.0,7.9082,132.430029,53.496833333333335,8.1815,265.8854,266.06166,91.601,11.966,28.974,13.5385,49.8012,1021.6042478626297,13.536916476026407
2023-05-12 10:16:37.500,35.015634,11.891,0.0,7.9021,132.430032,53.496833333333335,8.1815,265.88418,266.06044,91.602,11.999,28.9744,13.5387,49.8167,1021.6046630104204,13.537112083038506
2023-05-12 10:16:37.750,35.010543,11.924,-9.99e-29,7.9082,132.430035,53.496833333333335,8.1815,265.8854,266.06166,91.561,12.032,28.974,13.5385,49.8012,1021.6045433656711,13.536907737696547
2023-05-12 10:16:38.000,34.999762,11.924,-9.99e-29,7.8719,132.430038,53.496833333333335,8.1815,265.9069,266.08338,91.423,12.032,28.9584,13.5399,49.6611,1021.5923557738114,13.538307862162421
2023-05-12 10:16:38.250,35.001679,11.918,-9.99e-29,8.6199,132.430041,53.496833333333335,8.1815,265.89732,266.07388,91.507,12.026,28.959,13.5414,47.7467,1021.5925005642993,13.53980851540099
2023-05-12 10:16:38.500,35.003535,11.918,-9.99e-29,8.6199,132.430043,53.496833333333335,8.1815,265.89236,266.06894,91.501,12.026,28.9604,13.5418,47.7622,1021.5934938053945,13.540208458127065
2023-05-12 10:16:38.750,35.003775,11.922,-9.99e-29,8.6118,132.430046,53.496833333333335,8.1815,265.89045,266.06705,91.515,12.03,28.9603,13.5422,47.7467,1021.5933588188784,13.540607894990016
2023-05-12 10:16:39.000,35.005032,11.922,-9.99e-29,8.6118,132.430049,53.496833333333335,8.1815,265.88651,266.06313,91.577,12.029,28.9612,13.5426,47.8089,1021.5939655318332,13.541007978036092
2023-05-12 10:16:39.250,35.005691,11.922,-9.99e-29,8.6118,132.430052,53.496833333333335,8.1815,265.88449,266.06112,91.694,12.029,28.9616,13.5429,51.093,1021.5942137985243,13.541307945373461
2023-05-12 10:16:39.500,35.005691,11.927,-9.99e-29,8.6118,132.430055,53.496833333333335,8.1815,265.88299,266.05964,91.767,12.035,28.9613,13.5432,50.8595,1021.5939540672987,13.5416071293045
2023-05-12 10:16:39.750,35.006769,11.925,-9.99e-29,8.5957,132.430058,53.496833333333335,8.1815,265.88207,266.05869,91.776,12.033,28.9625,13.543,50.984,1021.5949002628821,13.541407392667159
2023-05-12 10:16:40.000,35.007608,11.924,-9.99e-29,8.6401,132.430061,53.496833333333335,8.1815,265.88336,266.05993,91.804,12.031,28.9637,13.5423,50.9529,1021.5959420749983,13.540707699908333
2023-05-12 10:16:40.250,35.007608,11.929,-9.99e-29,8.6401,132.430064,53.496833333333335,8.1815,265.88427,266.06082,91.8,12.037,28.9639,13.5421,51.0774,1021.5961600022825,13.540506919815726
